campaign_name_pattern,metro_slug
SNS | Search | Near Me | Boston,boston
SNS | Search | Near Me | Bay Area,bay-area
SNS | Search | Near Me | NYC,nyc
SNS | Search | Near Me | Washington DC,washington-dc
SNS | Search | Near Me | Dallas,dallas
SNS | Search | Near Me | Los Angeles,los-angeles
SNS | Search | Near Me | Chicago,chicago
SNS | Search | Near Me | Nashville,nashville
SNS | Search | Near Me | Tampa,tampa
SNS | Search | Near Me | Seattle,seattle
SNS | Search | Near Me | Raleigh-Durham,raleigh-durham
SNS | Search | Near Me | NH & Maine,nh-maine
SNS | Search | Near Me | San Antonio,san-antonio
SNS | Search | Near Me | Rhode Island,rhode-island
SNS | Search | Near Me | Atlanta,atlanta
SNS | Search | Near Me | Philadelphia,philadelphia
